{"cameraMode":{"drawMode":0,"name":"Shaded","section":"Shading Mode"},"sceneLighting":false,"audioPlay":false,"sceneViewState":{"showFog":true,"showMaterialUpdate":false,"showSkybox":false,"showFlares":true,"showImageEffects":true,"showParticleSystems":true},"in2DMode":false,"pivot":{"x":0.7300000190734863,"y":1.4500000476837159,"z":-1.1399998664855958},"rotation":{"x":-0.14449423551559449,"y":0.6969260573387146,"z":-0.1465883105993271,"w":-0.6869696974754334},"size":8.573651313781739,"orthographic":false}